"lga_code21","lga_name21","education","higher_education","health","public"
"20660",Banyule,74,1,24,7
"20910",Bayside (Vic.),47,0,10,9
"21110",Boroondara,84,8,23,10
"21180",Brimbank,113,3,22,6
"21450",Cardinia,64,0,5,2
"21610",Casey,147,3,27,4
"21890",Darebin,74,100,10,9
"22170",Frankston,57,3,23,3
"22310",Glen Eira,67,1,29,8
"22670",Greater Dandenong,65,5,43,11
"23110",Hobsons Bay,45,0,17,7
"23270",Hume,119,2,21,8
"23430",Kingston (Vic.),65,1,26,6
"23670",Knox,114,2,51,8
"24130",Macedon Ranges,21,0,1,1
"24210",Manningham,43,0,6,1
"24330",Maribyrnong,39,3,16,8
"24410",Maroondah,75,3,17,4
"24600",Melbourne,,,,
"24650",Melton,74,0,5,1
"24850",Mitchell,10,0,0,0
"24970",Monash,78,7,25,13
"25060",Moonee Valley,71,2,7,3
"25150",Moorabool,9,0,3,1
"25250",Moreland,70,3,14,4
"25340",Mornington Peninsula,58,1,22,2
"25620",Murrindindi,4,0,0,0
"25710",Nillumbik,56,1,18,4
"25900",Port Phillip,38,3,23,7
"26350",Stonnington,37,2,13,8
"26980",Whitehorse,82,8,24,1
"27070",Whittlesea,95,3,26,5
"27260",Wyndham,122,6,23,2
"27350",Yarra,54,5,14,3
"27450",Yarra Ranges,119,1,26,13
