lga_code21,lga_name21,sector,lga_sqkm,lga_part_sqkm_pct,
20660,Banyule,Middle Melbourne,63,1,
20910,Bayside (Vic.),Middle Melbourne,37,1,
21110,Boroondara,Middle Melbourne,60,1,
21180,Brimbank,Middle Melbourne,123,1,
21450,Cardinia,Outer Melbourne,1,283,1
21610,Casey,Outer Melbourne,409,1,
21890,Darebin,Inner Melbourne,53,0.3,
21890,Darebin,Middle Melbourne,53,0.7,
22170,Frankston,Outer Melbourne,130,1,
22310,Glen Eira,Middle Melbourne,39,1,
22670,Greater Dandenong,Outer Melbourne,130,1,
23110,Hobsons Bay,Middle Melbourne,64,1,
23270,Hume,Outer Melbourne,504,1,
23430,Kingston (Vic.),Middle Melbourne,91,1,
23670,Knox,Outer Melbourne,114,1,
24130,Macedon Ranges,Outer Melbourne,992,1,
24210,Manningham,Middle Melbourne,113,0.4,
24210,Manningham,Outer Melbourne,113,0.6,
24330,Maribyrnong,Middle Melbourne,31,1,
24410,Maroondah,Outer Melbourne,61,1,
24600,Melbourne,Inner Melbourne,38,1,
24650,Melton,Outer Melbourne,528,1,
24850,Mitchell,Outer Melbourne,508,1,
24970,Monash,Middle Melbourne,81,1,
25060,Moonee Valley,Inner Melbourne,43,0.4,
25060,Moonee Valley,Middle Melbourne,43,0.6,
25150,Moorabool,Outer Melbourne,196,1,
25250,Moreland,Inner Melbourne,51,0.4,
25250,Moreland,Middle Melbourne,51,0.6,
25340,Mornington Peninsula,Outer Melbourne,724,1,
25620,Murrindindi,Outer Melbourne,320,1,
25710,Nillumbik,Outer Melbourne,432,1,
25900,Port Phillip,Inner Melbourne,21,1,
26350,Stonnington,Inner Melbourne,26,0.5,
26350,Stonnington,Middle Melbourne,26,0.5,
26980,Whitehorse,Middle Melbourne,64,1,
27070,Whittlesea,Outer Melbourne,490,1,
27260,Wyndham,Outer Melbourne,542,1,
27350,Yarra,Inner Melbourne,20,1,
27450,Yarra Ranges,Outer Melbourne,1612,1,
29399,Unincorporated Vic,Outer Melbourne,0,1,